Suga,56SugaAlive@Admirable.com,2016/12/11 21:04:47
Yoshii,Chiyo_Yoshii_Literate@Ideally.com,2016/12/05 19:39:37
Furukawa,FurukawaPotluckRyousuke@Vernacular.com,2016/12/17 07:17:07
Kiuchi,RyuujiKiuchiIdeally@Ovary.co.jp,2016/12/01 23:14:07
Wakatsuki,WakatsukiPerfection@Invoke.org,2016/12/14 13:26:17
Kasai,ManamiKasaiLiterate@Inability.org,2016/12/09 00:13:54
Yoshimi,Kidnap-369-Yoshimi@Plagiarism.ne.jp,2016/12/12 09:52:01
Matsuyama,129NutritionShigeoMatsuyama@Nutrition.org,2016/12/17 03:19:14
Wakasugi,Aircraft-046-Wakasugi@Aircraft.org,2016/12/08 07:13:33
Masuda,Gather23Masuda@Foresight.com,2016/12/08 08:50:06
Yamato,MinoruYamatoBack@Admirable.ne.jp,2016/12/06 10:31:49
Kuwata,KuwataRestrict@Vernacular.com,2016/12/08 15:47:13
Hirano,NineHirano01@Influenza.ne.jp,2016/12/07 04:09:44
Ishiguro,QuantityIshiguro@Transcribe.org,2016/12/04 15:32:05
Nishigaki,InabilityAyanoNishigaki@Literate.com,2016/12/04 02:42:14
Osaki,OsakiSwoon@Pragmatic.org,2016/12/12 20:55:24
Sawa,HomemadeSawaTakanobu@Irrigation.com,2016/12/11 15:27:42
Konno,0249_Typhoid_Konno@Clap.co.jp,2016/12/11 23:06:16
Miyamoto,WeakMiyamoto@Sarcasm.ne.jp,2016/12/07 07:47:08
Hara,MossHara@Perfection.com,2016/12/05 05:10:03
Ishioka,Yuuna-268-Amazing-Ishioka@Aircraft.co.jp,2016/12/17 01:42:18
Yamamoto,46ForesightYamamoto@Footage.org,2016/12/05 16:30:45
Nagahama,NagahamaQuantity@Transcribe.co.jp,2016/12/05 23:25:34
Kurose,Footage_Kurose_24@Gather.co.jp,2016/12/09 10:47:40
Saeki,Nutrition389Saeki@Standpoint.ne.jp,2016/12/01 15:56:17
Saiki,Forward_Saiki@Locus.ne.jp,2016/12/10 05:15:52
Terada,SkateTerada@Offset.com,2016/12/16 17:31:59
Maruyama,MaruyamaTranscribe018@Penalty.com,2016/12/09 20:03:01
Yonemura,SeduceYonemuraTsutomu@Seduce.ne.jp,2016/12/07 19:01:04
Nakano,Gather_Nakano_Eiji@Footage.ne.jp,2016/12/09 19:24:46
Oyama,Oyama_Foresight@Foresight.ne.jp,2016/12/13 09:03:13
Maeda,Forward_Misako_Maeda@Humility.ne.jp,2016/12/06 01:57:48
Kawaguchi,Tyrant-2489-Akiko-Kawaguchi@Elasticity.co.jp,2016/12/16 13:07:14
Yaginuma,YaginumaSurprise0789Yuuna@Surprise.org,2016/12/10 07:51:26
Ono,Ono_Skate@Nutrition.ne.jp,2016/12/09 01:34:14
Tatsumi,TatsumiMarathon@Kidnap.ne.jp,2016/12/16 05:48:35
Iwano,Frivolous_Iwano@Locus.com,2016/12/04 17:57:18
Ishiguro,PhaseIshiguro@Influenza.com,2016/12/06 16:27:56
Sakai,Kaori-Sakai-Clap@Whimsical.com,2016/12/17 15:25:40
Soga,Roam48Soga@Nutrition.com,2016/12/14 01:14:53
Kamijou,KamijouMarathon@Include.co.jp,2016/12/12 22:03:19
Honma,Saburou678ClapHonma@Whimsical.com,2016/12/07 02:04:57
Otani,1459_Whimsical_Otani@Clap.ne.jp,2016/12/01 07:42:49
Kawabe,35KawabeQuantity@Transcribe.ne.jp,2016/12/13 23:09:36
Nishimura,InabilityNishimuraYukinaga@Ovary.ne.jp,2016/12/02 05:50:33
Osaki,OsakiInvoke@Ideally.com,2016/12/06 20:16:58
Hosono,HosonoTsunehiroPerfection@Perfection.org,2016/12/11 11:06:13
Umino,Umino_Frivolous_0246@Locus.ne.jp,2016/12/09 05:25:16
Mita,NorikoMitaElasticity@Civic.org,2016/12/10 16:25:54
Ochi,Influenza-Ochi-034@Marathon.ne.jp,2016/12/12 21:10:20
Ohara,GorouHomemadeOhara@Laugh.co.jp,2016/12/14 08:44:25
Maeno,TranscribeMarinaMaeno@Periscope.co.jp,2016/12/14 14:52:41
Tajima,TajimaAlive@Back.com,2016/12/09 14:15:15
Mitani,MitaniRyuujiLeaf@Humility.com,2016/12/15 21:06:39
Shibahara,ShibaharaSeduce@Segregate.com,2016/12/15 05:37:43
Yoshikawa,Yoshikawa-Attorney@Typhoid.ne.jp,2016/12/10 10:40:31
Anzai,AnzaiLakeYuusuke@Irrigation.com,2016/12/10 05:21:24
Kawaguchi,IncludeNobuoKawaguchi@Kidnap.co.jp,2016/12/13 18:11:22
Taniguchi,Foresight-Taniguchi@Irrigation.com,2016/12/06 22:49:58
Takebayashi,TakebayashiChie04Goblin@Goblin.org,2016/12/13 00:11:01
Matsumoto,Spin-Matsumoto-146@Restrict.com,2016/12/12 03:09:13
Ashida,Kazuhiro-0468-Clap-Ashida@Typhoid.com,2016/12/10 22:00:14
Aoyama,356AoyamaTyphoid@Clap.ne.jp,2016/12/06 18:03:12
Yamamoto,Phonetic-Yamamoto@Phonetic.ne.jp,2016/12/09 08:31:53
Hosoi,PlanetHosoi@Stake.co.jp,2016/12/08 07:56:52
Maeda,Maeda17Perfection@Invoke.ne.jp,2016/12/04 10:51:10
Tsubaki,Tsubaki-Amazing-14@Alive.org,2016/12/04 08:38:39
Morii,Morii_037_Clap@Civic.ne.jp,2016/12/06 22:04:04
Kawagoe,NaokiPotluckKawagoe@Restrict.com,2016/12/17 02:28:53
Seo,047AliveSeo@Amazing.com,2016/12/14 12:51:36
Fujimori,Locus1347Fujimori@Humility.ne.jp,2016/12/07 09:20:53
Moriyama,Invoke-Moriyama-49@Ovary.com,2016/12/09 00:06:33
Morita,Restrict_Morita@Pragmatic.ne.jp,2016/12/10 21:37:08
Masuyama,Whimsical0467MidoriMasuyama@Attorney.org,2016/12/13 09:07:37
Maruyama,Maruyama-Nutrition@Nucleus.com,2016/12/02 14:41:32
Otsuki,Otsuki0567HumilityTakuma@Goblin.com,2016/12/08 22:26:42
Morishima,145MorishimaMasahikoOvary@Perfection.co.jp,2016/12/16 13:37:58
Mori,Plagiarism-Mori@Nine.com,2016/12/07 21:42:20
Ninomiya,059SwoonNinomiya@Swoon.co.jp,2016/12/13 01:23:44
Nojiri,Nojiri_Foresight_14@Gather.com,2016/12/04 07:56:06
Takamoto,TakamotoOvary069@Inability.co.jp,2016/12/05 13:49:32
Kiyoie,KiyoieAliveKengo@Admirable.co.jp,2016/12/08 03:22:17
Miyazaki,Miyazaki_Influenza@Phase.ne.jp,2016/12/14 14:27:03
Hayashi,278-Marathon-Hayashi@Marathon.org,2016/12/08 23:56:11
Arimoto,InfluenzaArimoto@Kidnap.co.jp,2016/12/14 01:39:25
Tsuzuki,LocusTsuzuki023@Forward.com,2016/12/02 16:39:05
Shimabukuro,Periscope_Shimabukuro@Stake.com,2016/12/17 09:11:36
Oshita,LiterateOshita@Literate.org,2016/12/08 13:11:27
Kiuchi,ErikaMarathonKiuchi@Include.ne.jp,2016/12/08 04:23:01
Takahashi,OvaryTakahashi@Inability.ne.jp,2016/12/02 16:06:33
Shimoji,Seduce_Sanae_Shimoji@Young.org,2016/12/02 23:15:36
Muraki,Alive2489YasuhikoMuraki@Afresh.org,2016/12/06 17:36:59
Akutsu,AkutsuTyphoid@Clap.ne.jp,2016/12/01 06:09:07
Kanbe,AircraftKanbeMikako@Advertiser.com,2016/12/03 16:29:23
Motohashi,Restrict_Motohashi@Quiver.com,2016/12/14 14:36:27
Andou,StakeAndou3467@Skin.co.jp,2016/12/05 02:10:55
Odagiri,Potluck08OdagiriErina@Quiver.ne.jp,2016/12/07 19:43:23
Nakada,Nakada_Mieko_Standpoint_1279@Nutrition.co.jp,2016/12/02 00:52:00
Yoshida,Admirable-Yoshida@Back.co.jp,2016/12/12 02:08:36
Kan,IdeallyKan@Literate.ne.jp,2016/12/17 06:56:08
Teshima,Wear_Kinue_Teshima@Wear.ne.jp,2016/12/17 19:32:01
Sakai,013_Selective_Sakai@Symmetry.ne.jp,2016/12/01 09:56:41
Kaga,KagaYuki049Irksome@Lessen.com,2016/12/12 15:21:53
Urakawa,Urakawa_Loophole@Perpetrate.ne.jp,2016/12/07 20:09:45
Fukudome,26FrequencyFukudome@Lobby.org,2016/12/02 04:49:54
Yokomizo,346_Align_Yokomizo@Communique.co.jp,2016/12/17 22:27:21
Kawamata,LoopholeKawamata@Jagged.com,2016/12/12 15:19:06
Watanabe,Watanabe_Gloomy_Kazuki@Lazy.org,2016/12/06 20:36:29
Kanesaki,KanesakiFried@Edible.org,2016/12/08 18:25:14
Kanno,BlackboardKanno@Youth.co.jp,2016/12/15 16:44:22
Sawara,BoardroomSawara@Club.ne.jp,2016/12/13 07:42:54
Komatsu,DisruptKomatsu@Disrupt.ne.jp,2016/12/02 19:45:44
Makita,Makita_Sequel_Kentarou@Wear.com,2016/12/10 22:05:48
Sakata,SakataAsakoGray@Gray.ne.jp,2016/12/15 20:29:23
Shiba,16_Shiba_Buffer@Colossal.org,2016/12/14 10:49:24
Ishimoto,Ishimoto125Lobby@Gloomy.com,2016/12/05 09:08:11
Uchiyama,IkumiUchiyamaSymmetry18@Selective.org,2016/12/11 05:29:47
Iino,Iino_Everyday@Fried.ne.jp,2016/12/02 22:42:13
Nakahara,Bomber-Nakahara@Build.co.jp,2016/12/02 08:01:17
Anzai,026AnzaiSpokesman@Bixa.co.jp,2016/12/03 04:28:49
Kanashiro,PretensionKanashiro@Pretension.ne.jp,2016/12/08 22:06:35
Inamura,AkioInamuraIncluding@Mull.org,2016/12/11 14:23:07
Shigeta,ShigetaLoopholeYuuki@Mull.co.jp,2016/12/04 04:30:31
Iwashita,IwashitaGray079@Edible.com,2016/12/09 17:19:25
Iguchi,IguchiBoldness@Vantage.com,2016/12/08 10:39:26
Iwami,ShigeoIwamiBrewery@Cheerful.co.jp,2016/12/13 11:17:03
Takemoto,ImagineTakemoto@Imagine.ne.jp,2016/12/09 12:37:06
Kamiji,Collateral_Kazuaki_Kamiji@Boardroom.com,2016/12/01 12:58:16
Yamagata,37AbandonedYamagata@Afoot.ne.jp,2016/12/10 17:33:27
Takimoto,Takimoto_Sonoko_Cork_014@Boldness.ne.jp,2016/12/14 00:56:12
Kuwata,Kuwata_Cork_0346@Boldness.org,2016/12/17 01:51:22
Kawara,FrequencyKawara@Fortify.co.jp,2016/12/11 23:58:24
Isaka,BoardroomIsaka@Boardroom.co.jp,2016/12/14 00:07:14
Hanzawa,ZenPerpetrateHanzawa@Including.org,2016/12/13 14:47:41
Sugai,Sugai-Cover-Natsuki@Upward.com,2016/12/13 03:48:48
Chou,Chou-Gray-049@Easygoing.co.jp,2016/12/14 11:14:51
Torii,ToriiScourge@Youth.org,2016/12/15 02:18:15
Kon,47KonGray@Edible.org,2016/12/17 13:32:04
Kasai,Lobby_Kasai_Yumi@Liberation.ne.jp,2016/12/16 19:33:09
Iimura,Ikue_1356_Cover_Iimura@Exacerbate.com,2016/12/12 00:10:52
Hama,Blackboard_Hama_Takamitsu@Youth.co.jp,2016/12/11 19:17:38
Iguchi,Iguchi1569Sneeze@Trimming.org,2016/12/09 00:31:20
Takei,Takei_Yuka_Insurgent@Irksome.ne.jp,2016/12/01 03:00:28
Mishima,GloomyMishima@Gloomy.co.jp,2016/12/13 21:22:32
Saka,Saka356Bomber@Boardroom.co.jp,2016/12/08 00:45:43
Osawa,OsawaChart@Compliment.ne.jp,2016/12/01 20:58:00
Terai,018FortifyTerai@Liberation.com,2016/12/02 19:23:11
Miyazawa,AfootMiyazawa@Accent.org,2016/12/09 12:48:46
Arita,023BlackboardArita@Sequel.com,2016/12/15 16:24:26
Makita,PerpetrateMakita@Perpetrate.co.jp,2016/12/10 18:24:10
Kagaya,Sequel-Kagaya@Wear.com,2016/12/01 01:30:20
Uemura,Uemura25Communique@Spokesman.ne.jp,2016/12/03 19:36:03
Yonekawa,YonekawaTakeakiHumanity@Liberation.com,2016/12/01 20:02:24
Obata,Obata_Lobby_Tepei@Fortify.co.jp,2016/12/17 06:32:08
Takahashi,BuildTakahashi@Brewery.com,2016/12/09 12:52:27
Wakabayashi,Wakabayashi-Blackboard@Selective.co.jp,2016/12/17 19:17:13
Oyama,Cover15Oyama@Upward.org,2016/12/05 00:13:24
Mori,Blackboard_Mori@Symmetry.org,2016/12/08 17:35:45
Yamagishi,IkuoYamagishiVantage0138@Cover.ne.jp,2016/12/14 06:21:16
Oshima,OshimaInsurgent@Power.ne.jp,2016/12/01 08:34:01
Shiina,OralShiina@Lessen.org,2016/12/13 07:28:13
Matsuba,459_Matsuba_Mariko_Lazy@Lazy.org,2016/12/10 18:09:32
Hoshino,07FriedNaoHoshino@Everyday.ne.jp,2016/12/01 13:24:32
Yamasaki,Yamasaki-Singing@Communique.co.jp,2016/12/09 22:01:44
Ima,Lessen_Ima_Rika_3567@Power.com,2016/12/06 22:55:02
Shinozaki,39HirokoComplimentShinozaki@Chart.co.jp,2016/12/16 04:34:58
Otsuka,Otsuka_Imagine@Loophole.ne.jp,2016/12/11 06:58:20
Komura,Afoot_Komura@Amid.org,2016/12/07 15:53:24
Yoshino,Yoshino_169_Flattering_Etsutarou@Gray.com,2016/12/15 23:12:49
Yabe,YabeSymmetry@Blackboard.com,2016/12/13 11:20:31
Shida,Build-Shida@Brewery.ne.jp,2016/12/11 19:27:45
Yamasaki,YamasakiRyou3468Trimming@Sneeze.org,2016/12/13 12:29:14
Kawakita,Brewery_Kawakita@Club.org,2016/12/06 16:35:30
Kawamoto,Capsule-Kawamoto@Compliment.ne.jp,2016/12/11 18:23:05
Takeda,TakedaYuusukeGray@Flattering.com,2016/12/02 08:54:43
Okita,Imagine_Satomi_Okita@Jagged.ne.jp,2016/12/05 21:45:36
Kawahara,679KawaharaAmid@Accomplish.co.jp,2016/12/09 14:48:48
Okutani,OkutaniLoophole@Jagged.co.jp,2016/12/02 05:25:48
Omura,PowerOmura@Pretension.ne.jp,2016/12/09 16:43:19
Kohama,KohamaWear@Selective.org,2016/12/13 01:43:34
Kawai,OralKawaiKyouko057@Pretension.ne.jp,2016/12/05 22:22:05
Iwama,02_Iwama_Afoot@Accent.co.jp,2016/12/16 00:52:51
Hikita,HikitaFortify@Humanity.com,2016/12/01 11:04:19
Ehara,JunkoAdapterEhara@Adapter.ne.jp,2016/12/14 16:27:04
Hirokawa,Hirokawa_Wear_Takuo_257@Wear.com,2016/12/07 06:01:41
Eda,27PowerEda@Power.com,2016/12/02 04:07:34
Nagaoka,Flattering_Nagaoka_034@Disrupt.com,2016/12/04 14:08:55
Takano,Takano-Pretension@Power.co.jp,2016/12/04 22:02:10
Koizumi,Ikuko-Power-Koizumi@Power.com,2016/12/15 22:08:13
Iwakiri,RinaIwakiriTrimming@Bixa.ne.jp,2016/12/11 04:51:34
Okino,Okino_49_Communique@Singing.org,2016/12/17 00:19:30
Oba,SneezeShunOba@Sneeze.co.jp,2016/12/13 13:01:22
Hiraga,259HiragaFrequency@Gloomy.com,2016/12/05 23:16:01
Takehara,CorkTakehara@Lightblue.ne.jp,2016/12/15 15:02:28
Abe,79AbeAccustomYukari@Abandoned.org,2016/12/01 01:28:29
Egawa,Egawa_Amid@Afoot.co.jp,2016/12/16 08:05:34
Shima,ShimaTrimmingTakuma@Singing.com,2016/12/04 07:09:43
Momose,14DisruptMomose@Flattering.co.jp,2016/12/09 18:51:28
Mouri,MouriHumanity@Fortify.co.jp,2016/12/14 19:23:18
Kaneko,2489AfootKanekoKanako@Accustom.org,2016/12/16 12:26:02
Kikuchi,Kikuchi_Soothe_236@Undercut.com,2016/12/02 05:13:14
Asanuma,LukewarmSaoriAsanuma@Incorrect.co.jp,2016/12/12 01:19:25
Takeda,Mirai1789DelegationTakeda@Duel.co.jp,2016/12/16 14:55:54
Miyahara,Orchid_Miyahara@Honeydew.co.jp,2016/12/05 16:12:06
Shiina,Motorway-Youshi-Shiina@Lattice.com,2016/12/17 15:45:25
Yamaguchi,TakeshiYamaguchiImmerse@Jingle.ne.jp,2016/12/17 14:55:09
Komori,NavyKomoriTatsuya@Goldenrod.com,2016/12/13 12:16:56
Horiuchi,ImmerseHoriuchi024@Pause.co.jp,2016/12/13 00:48:11
Arai,012AraiFriend@Fingertip.com,2016/12/06 10:15:37
Ushijima,Ushijima168Finely@Finely.ne.jp,2016/12/15 04:49:49
Kuroki,IntuitiveKuroki037@Intuitive.org,2016/12/14 12:27:47
Furuta,FurutaDaunt@Cohort.co.jp,2016/12/10 17:05:10
Hisano,0368HisanoDetermine@Demand.com,2016/12/03 00:13:47
Oi,Oi_1348_Perfection@Literate.com,2016/12/03 00:38:05
Hosono,HosonoHover689@Generous.org,2016/12/14 06:08:22
Muranaka,ThistleMakiMuranaka3679@Goldenrod.com,2016/12/15 10:39:47
Muta,Muta12Daunt@Cohort.org,2016/12/02 23:42:02
Sakai,ShigeoSakaiFinely0236@Indictment.com,2016/12/11 08:11:36
Higuchi,HiguchiProportion@Lattice.org,2016/12/07 15:36:01
Ushijima,UshijimaHoneydew@Navy.ne.jp,2016/12/07 08:33:21
Morita,MoritaHidenagaExpulsion34@Indictment.ne.jp,2016/12/03 03:04:07
Akiba,HardnessAkiba@Friend.co.jp,2016/12/06 09:35:17
Takashima,TakashimaSatoshiMute1246@Immerse.ne.jp,2016/12/09 11:56:56
Watabe,WatabeSnow@Angel.co.jp,2016/12/11 08:58:50
Izumi,Izumi_57_Finely@Generous.co.jp,2016/12/17 15:55:17
Ise,07_Daunt_Ise@Concern.ne.jp,2016/12/03 00:21:07
Kouzaka,MuteKouzaka@Incorrect.ne.jp,2016/12/08 12:08:59
Shitara,Submarine34Shitara@Confidence.org,2016/12/02 18:53:05
Gotou,GotouIcon027@Generous.org,2016/12/16 04:18:19
Kita,489VenomousKita@Submarine.org,2016/12/11 08:29:03
Kusunoki,SubmarineKusunoki@Confidence.ne.jp,2016/12/03 01:49:59
Kishida,FinelyKishida@Hover.org,2016/12/09 22:15:08
Hase,IndictmentHase@Hover.com,2016/12/03 12:37:25
Satou,2467OrchidSatou@Thistle.org,2016/12/06 17:06:14
Shinozaki,IntuitiveShinozaki@Queer.com,2016/12/17 19:53:31
Kinoshita,12NavyMasakuniKinoshita@Goldenrod.org,2016/12/04 04:05:22
Mizusawa,Mizusawa0345Expulsion@Indictment.co.jp,2016/12/13 11:41:15
Yamashita,YamashitaConstrict@Daunt.co.jp,2016/12/01 00:57:23
Oikawa,Oikawa-Mute@Jingle.com,2016/12/10 04:44:56
Noma,NomaSteamship@Angel.com,2016/12/15 02:54:30
Kumagaya,KumagayaJuriCohort@Concern.ne.jp,2016/12/12 08:48:38
Takegawa,ImmerseTakegawa@Persistent.ne.jp,2016/12/04 15:41:23
Shibata,ShibataImmerse@Jingle.ne.jp,2016/12/17 09:43:03
Toyama,Hover_Toyama_Yuusuke@Icon.co.jp,2016/12/08 07:39:51
Okumura,Okumura_Constrict@Cohort.ne.jp,2016/12/03 12:32:00
Furusawa,Undercut-Furusawa-Nobuko@Snow.org,2016/12/17 06:00:07
Iwasa,Concern_Iwasa@Delegation.com,2016/12/09 15:34:07
Hase,256HaseFriend@Kill.com,2016/12/06 21:50:17
Nagamine,LightcoralTakahikoNagamine@Honeydew.org,2016/12/01 18:03:10
Uesugi,Uesugi_Kneel@Insulation.co.jp,2016/12/02 08:51:38
Mukaiyama,ProportionMukaiyama@Luster.ne.jp,2016/12/15 04:41:07
Kodaira,Perfection-Kodaira@Ovary.ne.jp,2016/12/03 17:27:49
Nakahira,468_Nakahira_Fore_Erika@Decided.co.jp,2016/12/01 05:14:11
Jinbo,67KazukoPauseJinbo@Mute.org,2016/12/15 13:18:06
Yokokawa,YokokawaEijiFinely0189@Expulsion.org,2016/12/08 05:45:04
Kojima,ForeKojima@Decided.com,2016/12/11 23:52:22
Tsukakoshi,ShigeyukiOrchidTsukakoshi@Goldenrod.ne.jp,2016/12/05 20:48:56
Kodama,Kodama0129RyouheiLukewarm@Immerse.ne.jp,2016/12/10 21:49:31
Morita,MuteTakashiMorita@Lukewarm.ne.jp,2016/12/15 02:47:37
Sugaya,0135_Ovary_Sugaya@Inability.ne.jp,2016/12/06 08:23:56
Yamasaki,Yamasaki-Sponsor@Squash.co.jp,2016/12/12 12:08:18
Furuya,Eiichirou_Kill_57_Furuya@Fingertip.ne.jp,2016/12/12 12:06:27
Hoshikawa,FingertipHoshikawaTakashi@Kneel.org,2016/12/09 17:03:36
Watabe,Luster_Watabe@Luster.com,2016/12/15 09:12:57
Okumura,OkumuraInsulationNoriaki@Friend.ne.jp,2016/12/06 15:08:34
Horie,Horie_0168_Inability@Inability.org,2016/12/13 06:48:53
Shimoji,InvokeShimoji@Perfection.org,2016/12/16 21:59:59
Ishiyama,IshiyamaSteamship@Snow.com,2016/12/02 09:48:21
Araki,Orchid-356-Araki@Thistle.co.jp,2016/12/16 15:49:33
Shouji,1347ShoujiFertileKazuyoshi@Fertile.com,2016/12/16 12:42:17
Shiba,HardnessShiba@Hardness.co.jp,2016/12/07 05:30:40
Shinagawa,Dynamite_Masako_Shinagawa@Decided.co.jp,2016/12/07 10:49:24
Shibata,Shibata-Snow@Complicate.co.jp,2016/12/15 00:21:19
Nohara,LukewarmNohara@Incorrect.co.jp,2016/12/16 02:29:49
Ido,IdoFertile148@Fingertip.com,2016/12/13 07:27:25
Makabe,SlipperMakabe@Angel.com,2016/12/08 04:18:07
Osaki,IntuitiveOsaki@Luster.ne.jp,2016/12/11 19:04:03
Etou,DemandEtou@Decided.co.jp,2016/12/10 12:09:18
Nanbu,TakumiNanbuSquash@Ante.ne.jp,2016/12/06 03:35:35
Uchiyama,PauseEri079Uchiyama@Lukewarm.ne.jp,2016/12/14 01:45:54
Okoshi,24_Okoshi_Embodiment@Extra.org,2016/12/02 07:05:20
Sano,Sponsor-Sano@Squash.com,2016/12/09 04:30:06
Nihei,08YasuhiroNiheiFertile@Kneel.com,2016/12/11 00:27:05
Sugiyama,LiterateSugiyama12@Moss.com,2016/12/10 23:47:34
Asakura,PersistentShinichirouAsakura@Incorrect.co.jp,2016/12/10 18:21:57
Okado,237InsulationOkado@Friend.com,2016/12/06 01:34:50
Nagano,Nagano-Kill@Fertile.com,2016/12/10 21:51:41
Toyama,1589ToyamaGenerous@Indictment.org,2016/12/13 14:51:23
Fukami,Fukami-0135-Dynamite-Akiko@Determine.co.jp,2016/12/05 14:26:36
Onuma,Inability_Onuma@Inability.ne.jp,2016/12/06 00:50:35
Sasada,MotorwaySasadaTakashi@Intuitive.org,2016/12/06 03:48:57
Yahagi,IncorrectYahagi@Incorrect.co.jp,2016/12/16 03:10:09
Shiratori,ShiratoriKneel@Kneel.co.jp,2016/12/16 19:22:23
Hikita,Friend-Hikita@Friend.co.jp,2016/12/14 15:54:31
Ichihashi,IchihashiSubmarineReina@Ante.com,2016/12/04 12:08:53
Fujino,FujinoSnowNobuko@Angel.org,2016/12/06 20:41:04
Asai,2378AsaiFore@Embodiment.ne.jp,2016/12/15 23:55:36
Aihara,Aihara-Friend@Fertile.com,2016/12/02 11:30:21
Furuhashi,Furuhashi_Sponsor@Armor.co.jp,2016/12/16 10:15:53
Asano,TatsuyaAsanoUndercut@Undercut.com,2016/12/17 17:51:09
